ArtCodigo,Descripcion
18500,NAFTA SUPER, BIO
29711,COCA,COLA PET X 600CC
1079,VILLAVICENCIO AGUA SIN GAS PET X 500CC.
1821,COCA-COLA PET X 500CC
22796,SMART WATER S/G 591 ML
18800,SHELL V-POWER NAFTA
29712,COCA-COLA ZERO PET X 600CC
1032,ECO DE LOS ANDES AGUA SIN GAS PET X 500CC.
19798,CITRIC JUGO NARANJA TETRA X 250CC
1075,VILLAVICENCIO AGUA SIN GAS PET X 1.5 LT.
17597,COCA-COLA ZERO PET X 500CC
20156,VILLA DEL SUR AGUA SIN GAS PET X 600CC
19825,COCA-COLA LATA X 354CC
18520,CEPITA 20% NARANJA 200ML
18900,SHELL V-POWER DIESEL
22145,MONSTER ENERGY GREEN X 473CC
18090,ECO DE LOS ANDES AGUA SIN GAS PET X 1.5L
16329,VILLAVICENCIO AGUA FINAMENTE GASIFICADA PET X 500C
19799,CITRIC JUGO NARANJA TETRA X 500CC
22795,SMART WATER C/G 591 ML
18161,AQUARIUS SABOR PERA PET X 500CC
16007,RED, BULL ENERGY DRINK LATA X 250 CC
19612,SPEED UNLIMITED LATA X 250CC
1031,ECO DE LOS ANDES AGUA CON GAS PET X 500CC.
22632,RED BULL ENERGY DRINK LATA X 355 CC
18162,AQUARIUS SABOR POMELO PET X 500CC
27168,BENEDICTINO AGUA X 500CC
24560,BEB ENERGSPEED 473 CC
17959,POWERADE MOUNTAIN BLAST PET X 500CC
29713,COCA-COLA LIGHT PET X 600CC
18519,CEPITA JUGO MANZANA TETRA X 200CC.
28104,SMART WATER S/G 1,5L
1867,SPRITE FENIX X 500 CC
20677,COCA COLA SIN AZUCARES LATA X 354CC
22146,MONSTER ULTRA X 473 CC
23192,MONSTER MANGO LOCO 473
29714,SPRITE FENIX X 600 CC
19870,POWERADE FRUTAS TROPICALES PET X 500CC
1813,COCA-COLA LIGHT PET X 500CC
27279,COCA-COLA PET X 1.75L
18227,PASO DE LOS TOROS POMELO PET X 500CC
18160,AQUARIUS SABOR MANZANA PET X 500CC
1989,PEPSI PET X 500CC
29715,SPRITE SIN AZUCAR 600CC
24133,COCA-COLA X 2.25L
18708,CEPITA JUGO MULTIFRUTA TETRA X 200CC
21421,PEPSI BLACK PET X 500CC
19800,CITRIC JUGO NARANJA TETRA X 1L
17750,SHELL, EVOLUX, DIESEL B 500
1918,7UP PET X 500CC
21034,RED BULL ENERGY DRINK SUGAR FREE LATA X 250CC
27536,SPRITE SIN AZUCAR 500CC
21613,VILLA DEL SUR LEVITE S/G POMELO PET X 500CC
16330,VILLAVICENCIO AGUA FINAMENTE GASIFICADA PET X 1.5L
17571,GATORADE MANZANA PET X 500CC
27275,COCA-COLA SIN AZUCAR PET X 1.75L
17572,GATORADE COOL BLUE PET X 500CC
27281,FANTA NARANJA 500CC
29716,FANTA NARANJA 600CC
17297,7UP FREE PET X 500CC
20696,CITRIC JUGO NARANJA MANGO TETRA X 500CC
17958,POWERADE MANZANA PET X 500CC
20958,CITRIC JUGO NARANJA/ DURAZNO TETRA X 500CC
19863,PEPSI LATA X 354CC
21615,VILLA DEL SUR LEVITE S/G MANZANA PET X 500CC
27982,COCA COLA SIN AZUCARES X 2.25 LTS
29618,MONSTER ENERGY ZERO, X 473CC
21711,AQUARIUS POMELO X 1.5 CC
21423,GATORADE MANZANA PET X 750CC
27167,BENEDICTINO SODA X 500CC
24080,GAS NATURAL COMPRIMIDO
21424,GATORADE FRUTOS TROPICALES PET X 750CC
21713,AQUARIUS MANZANA X 1.5 CC
28127,SCH.TONICA 310ML
16039,VILLA DEL SUR LEVITE AGUA S/GAS POMELO PET X 1.5L
28080,BENEDICTINO AGUA MIN.1,5 AGUA
18853,BC JUGO MULTIFRUTA TETRA X 200CC
28109,SCH. POMELO SA 310ML
29620,RED BULL ENERGY GREEN X250CC
27276,SPRITE FENIX X 1.75L
22783,CEPITA NARANJA 20% 1L
29390,VILLA DEL SUR LEVITE S/GAS POMELO ROSADO X500CC
24214,CEPITA JUGO MULTIFRUTA ZINC TETRA X 1 LT.
17286,VILLA DEL SUR LEVITE AGUA S/GAS MANZANA PET X 1.5L
1957,PASO DE LOS TOROS POMELO PET X 1.5L
21614,VILLA DEL SUR LEVITE S/G NARANJA PET X 500CC
17569,GATORADE NARANJA PET X 500CC
29862,AQUARIUS PERA 600CC
21616,VILLA DEL SUR LEVITE S/G PERA PET X 500CC
21619,VDS LEVITE CERO AGUA S/G MANZANA PET X 500CC
1818,COCA-COLA PET X 1.5 L
20678,SPRITE LATA X 354CC
99700,ADES FRUTAS TROPICALES X200CC
27277,COCA-COLA LIGHT PET X 1.75L
29498,SPEED UNLIMITED ZERO LATA X 250 CC
18854,BC JUGO NARANJA TETRA X 200CC.
29863,AQUARIUS POMELO 600CC
17971,VILLA DEL SUR LEVITE AGUA S/GAS NARANJA PET X 1.5L
19862,7UP LATA X 354CC
99698,ADES MANZANA X200CC
29178,PEPSI PET X 1.5L VINTAGE
29179,7UP PET X 1.5L VINTAGE
17299,7UP FREE PET X 1.5L
27928,RED BULL ENERGY WATERMELON X250CC
29717,FANTA POMELO 600ML
24513,CITRIC JUGO LIMONADA CON MENTA X 500CC
29285,BAGGIO MANZANA 200CC
29212,SPEED UNLIMITED ZERO LATA X 473CC
29284,BAGGIO NARANJA 200CC
29319,JUGO ORGANICO DE NARAJNA LAS BRISAS 330CC
24213,CEPITA JUGO MANZANA ZINC TETRA X 1 LT.
29317,JUGO ORGANICO DE MANZANA S/AZUCAR LAS BRISAS 330CC
27278,FANTA X 1.75L
20443,BC JUGO MANZANA TETRA X 200CC
21648,CEPITA JUGO NARANJA BOTELLA X1L
21618,VDS LEVITE CERO AGUA S/G POMELO PET X 500CC
17596,COCA-COLA ZERO PET X 1.5L
29316,JUGO ORGANICO DE ARANDANO SIN AZUCAR LAS BRISAS 33
29318,JUGO ORGANICO DE LIMON-MENTA LAS BRISAS 330CC
29861,AQUARIUS MANZANA 600CC
1865,SPRITE PET X 1.5L
29286,BAGGIO MULTIFRUTA 200CC
29621,H20 LIMONETO SIN GAS 500ML
24514,CITRIC JUGO POMELO CON MENTA X 500CC
28513,POWERADE UVA PET X 500CC
21651,CEPITA JUGO MANZANA BOTELLA X 1L
29357,FANTA POMELO X 500CC
29794,STELLA ARTOIS CERVEZA X473ML LATA 0.0 S/ALCOHOL
29369,COCA-COLA ORIGINAL 237CC
99699,ADES NARANJA X200CC
29622,H20 MANZANA SIN GAS 500ML
29864,FANTA MISTERIO 473ML
1811,COCA-COLA LIGHT PET X 1.5L
29499,RED BULL APRICOT X 250CC
1836,FANTA NARANJA PET X 1.5L
29471,CERVEZA QUILMES 0.0 LATA 473ML
21617,VDS LEVITE CERO AGUA S/G NARANJA PET X 500CC
29320,COCA-COLA ORIGINAL 250ML
29332,BONAQUA MINERAL SIN GAS 500 X12
27151,JUGO ORGANICO DE LIMON-MENTA LAS BRISAS 330CC
29389,BOLSO, TERMICO
23855,JUGO ORGANICO DE ARANDANO S/A LAS BRISAS 330CC
29477,SPRITE ZERO ICE 473CC
27936,LIMONADA ORGANICA CON FRUTOS DEL BOSQUE LAS BRISAS
